<?xml version="1.0" encoding="utf-8"?>
<extension type="component" version="3.0" method="upgrade">
	<name>COM_JSJOBS</name>
	<creationDate>Sep 21st, 2012</creationDate>
	<author>Joom Sky</author>
	<authorEmail>ahmad@joomsky.com</authorEmail>
	<authorURL>www.joomsky.com</authorURL>
	<copyright>Copyright (c) 2009 - 2012. All rights reserved.</copyright>
	<license>GNU/GPL http://www.gnu.org/copyleft/gpl.html</license>
	<version>1.0.8.7</version>
	<description>A Job Board Component.</description>>
	<scriptfile>script.php</scriptfile>
	<install>
		<sql>
			<file charset="utf8" driver="mysql">sql/install.mysql.utf.sql</file>
			<file driver="mysql">sql/install.mysql.sql</file>
		</sql>
	</install>
	<uninstall>
		<sql>
			<file charset="utf8" driver="mysql">sql/uninstall.mysql.utf.sql</file>
			<file driver="mysql">sql/uninstall.mysql.sql</file>
		</sql>
	</uninstall>

	<update> <!-- Runs on update; New in 2.5 -->
		<schemas>
			<schemapath type="mysql">sql/updates/mysql</schemapath>
		</schemas>
	</update>

	<files folder="site">
		<filename>controller.php</filename>
		<filename>jsjobs.php</filename>
		<filename>router.php</filename>

		<folder>controllers</folder>
		<folder>models</folder>
		<folder>css</folder>
		<folder>images</folder>
		<folder>themes</folder>
		<folder>js</folder>
		<folder>views</folder>

	</files>
	<languages folder="languages">
		<language tag="en-GB">en-GB.com_jsjobs.ini</language>
	</languages>
	<administration>
		<menu img="../administrator/components/com_jsjobs/include/images/js.png" link="option=com_jsjobs">JS_JOBS</menu>
		<files folder="admin">
			<filename>admin.jsjobs.php</filename>
			<filename>jsjobs.php</filename>
			<filename>controller.php</filename>

			<filename>controllers/jsjobs.php</filename>
			<filename>models/jsjobs.php</filename>

			<folder>tables</folder>
			<folder>include</folder>
			<folder>views</folder>
			<folder>sql</folder>
			<folder>extensions</folder>
		</files>
		<languages folder="admin/languages">
			<language tag="en-GB">en-GB.com_jsjobs.ini</language>
      			<language tag="en-GB">en-GB.com_jsjobs.sys.ini</language>
		</languages>
	</administration>

</extension>
